{"cameraMode":{"drawMode":0,"name":"Shaded","section":"Shading Mode"},"sceneLighting":true,"audioPlay":false,"sceneViewState":{"showFog":true,"showMaterialUpdate":true,"showSkybox":true,"showFlares":true,"showImageEffects":true,"showParticleSystems":true},"in2DMode":false,"pivot":{"x":0.01806640625,"y":0.1644287109375,"z":0.54931640625},"rotation":{"x":0.12953081727027894,"y":-0.005949414800852537,"z":0.0007771931705065072,"w":0.9915570020675659},"size":30.28182029724121,"orthographic":false}