{"cameraMode":{"drawMode":0,"name":"Shaded","section":"Shading Mode"},"sceneLighting":true,"audioPlay":false,"sceneViewState":{"showFog":true,"showMaterialUpdate":false,"showSkybox":false,"showFlares":true,"showImageEffects":true,"showParticleSystems":true},"in2DMode":false,"pivot":{"x":-1.0959997177124024,"y":1.5299997329711915,"z":0.0},"rotation":{"x":-0.20286612212657929,"y":-0.7667862772941589,"z":0.29074540734291079,"w":-0.5351394414901733},"size":40.010372161865237,"orthographic":false}