{"cameraMode":{"drawMode":0,"name":"Shaded","section":"Shading Mode"},"sceneLighting":false,"audioPlay":false,"sceneViewState":{"showFog":true,"showMaterialUpdate":false,"showSkybox":false,"showFlares":true,"showImageEffects":true,"showParticleSystems":true},"in2DMode":false,"pivot":{"x":0.0,"y":1.0299999713897706,"z":0.02000001072883606},"rotation":{"x":-0.20802947878837586,"y":0.5549559593200684,"z":-0.1457366794347763,"w":-0.7921663522720337},"size":3.822492837905884,"orthographic":false}