{"cameraMode":{"drawMode":0,"name":"Shaded","section":"Shading Mode"},"sceneLighting":false,"audioPlay":false,"sceneViewState":{"showFog":true,"showMaterialUpdate":false,"showSkybox":false,"showFlares":true,"showImageEffects":true,"showParticleSystems":true},"in2DMode":false,"pivot":{"x":1.6447023153305054,"y":0.5969507098197937,"z":1.724591851234436},"rotation":{"x":-0.009308884851634503,"y":0.9834365844726563,"z":-0.17318035662174226,"w":-0.05285917967557907},"size":8.10732364654541,"orthographic":false}