{"cameraMode":{"drawMode":0,"name":"Shaded","section":"Shading Mode"},"sceneLighting":true,"audioPlay":false,"sceneViewState":{"showFog":true,"showMaterialUpdate":false,"showSkybox":true,"showFlares":true,"showImageEffects":true,"showParticleSystems":true},"in2DMode":false,"pivot":{"x":-14.952696800231934,"y":-18.849821090698243,"z":-10.679819107055664},"rotation":{"x":-0.09686528146266937,"y":0.8996071219444275,"z":-0.34047675132751467,"w":-0.2559553384780884},"size":42.73084259033203,"orthographic":false}