{"cameraMode":{"drawMode":0,"name":"Shaded","section":"Shading Mode"},"sceneLighting":false,"audioPlay":false,"sceneViewState":{"showFog":true,"showMaterialUpdate":false,"showSkybox":false,"showFlares":true,"showImageEffects":true,"showParticleSystems":true},"in2DMode":false,"pivot":{"x":0.12150049209594727,"y":1.0,"z":-13.960830688476563},"rotation":{"x":-0.0026667548809200527,"y":0.9862484931945801,"z":-0.16453836858272553,"w":-0.015977371484041215},"size":53.76520538330078,"orthographic":false}